drive name,time,left_enc,right_enc,euler_x,euler_y,euler_z,mag_x,mag_y,mag_z,accel_x,accel_y,accel_z,gyro_x,gyro_y,gyro_z
acceleration_sample_1,1595172306.009898,0,0,,,,,,,0.55,9.62,1.79,0.25,0.0,0.0
acceleration_sample_1,1595172306.078714,0,0,,,,,,,0.57,9.52,1.7,0.1875,0.125,0.0625
acceleration_sample_1,1595172306.14738,0,0,,,,,,,0.55,9.62,1.76,0.125,0.0625,0.125
acceleration_sample_1,1595172306.216503,0,0,,,,,,,0.55,9.53,1.73,0.3125,0.0625,0.0
acceleration_sample_1,1595172306.286168,0,0,,,,,,,0.56,9.53,1.71,0.25,0.0,0.0625
acceleration_sample_1,1595172306.355002,0,0,,,,,,,0.54,9.62,1.77,-0.0625,0.0,0.0
acceleration_sample_1,1595172306.424467,0,0,,,,,,,0.56,9.58,1.76,0.125,-0.0625,0.125
acceleration_sample_1,1595172306.493655,0,0,,,,,,,0.57,9.58,1.75,0.1875,0.1875,0.0625
acceleration_sample_1,1595172306.562095,0,0,,,,,,,0.55,9.6,1.78,-0.0625,-0.0625,0.0625
acceleration_sample_1,1595172306.630189,0,0,,,,,,,0.56,9.53,1.73,-0.0625,0.0,0.0625
acceleration_sample_1,1595172306.700952,0,0,,,,,,,0.55,9.62,1.79,0.0,0.0,0.0
acceleration_sample_1,1595172306.771319,0,0,,,,,,,0.54,9.52,1.74,-0.0625,-0.0625,0.0
acceleration_sample_1,1595172306.841017,0,0,,,,,,,0.57,9.6,1.74,-0.125,0.125,0.0
acceleration_sample_1,1595172306.910861,0,0,,,,,,,0.55,9.59,1.78,-0.125,0.0,0.0625
acceleration_sample_1,1595172306.981271,0,0,,,,,,,0.55,9.54,1.75,-0.0625,-0.125,-0.0625
acceleration_sample_1,1595172307.051614,0,0,,,,,,,0.58,9.61,1.77,-0.125,-0.0625,0.0625
acceleration_sample_1,1595172307.121758,0,0,,,,,,,0.56,9.51,1.74,-0.0625,-0.0625,0.0
acceleration_sample_1,1595172307.191659,0,0,,,,,,,0.57,9.61,1.76,0.0,0.1875,-0.125
acceleration_sample_1,1595172307.261678,0,0,,,,,,,0.56,9.55,1.77,-0.0625,-0.0625,0.0
acceleration_sample_1,1595172307.331352,0,0,,,,,,,0.55,9.56,1.73,0.1875,0.0,-0.125
acceleration_sample_1,1595172307.402249,0,0,,,,,,,0.55,9.61,1.77,0.0625,-0.0625,-0.0625
acceleration_sample_1,1595172307.472241,0,0,,,,,,,0.57,9.51,1.74,0.0,-0.1875,0.0625
acceleration_sample_1,1595172307.542174,0,0,,,,,,,0.53,9.62,1.78,0.0,0.1875,0.0
acceleration_sample_1,1595172307.611921,0,0,,,,,,,0.55,9.54,1.77,0.1875,0.125,-0.125
acceleration_sample_1,1595172307.681815,0,0,,,,,,,0.56,9.58,1.75,0.25,-0.125,0.0
acceleration_sample_1,1595172307.752168,0,0,,,,,,,0.56,9.59,1.77,-0.25,-0.125,0.0
acceleration_sample_1,1595172307.822435,0,0,,,,,,,0.53,9.53,1.73,0.0,0.125,0.0
acceleration_sample_1,1595172307.892229,0,0,,,,,,,0.55,9.63,1.76,0.0625,0.0625,-0.125
acceleration_sample_1,1595172307.962052,0,0,,,,,,,0.56,9.5,1.77,-0.125,0.0625,-0.125
acceleration_sample_1,1595172308.03351,0,0,,,,,,,0.54,9.59,1.73,-0.0625,0.0625,0.125
acceleration_sample_1,1595172308.103415,0,0,,,,,,,0.55,9.57,1.74,-0.25,0.0625,0.0
acceleration_sample_1,1595172308.173382,0,0,,,,,,,0.55,9.53,1.76,-0.125,-0.125,0.1875
acceleration_sample_1,1595172308.243227,0,0,,,,,,,0.55,9.63,1.76,0.125,0.1875,0.0625
acceleration_sample_1,1595172308.312999,0,0,,,,,,,0.53,9.54,1.77,0.1875,-0.125,0.0
acceleration_sample_1,1595172308.382759,0,0,,,,,,,0.55,9.62,1.74,0.125,0.0625,0.0
acceleration_sample_1,1595172308.453703,0,0,,,,,,,0.55,9.52,1.75,0.0625,-0.0625,0.0625
acceleration_sample_1,1595172308.523585,0,0,,,,,,,0.54,9.56,1.78,-0.0625,-0.125,0.125
acceleration_sample_1,1595172308.596474,0,0,,,,,,,0.57,9.62,1.78,-0.0625,0.0625,0.0
acceleration_sample_1,1595172308.667212,0,0,,,,,,,0.57,9.51,1.74,-0.125,-0.125,0.0
acceleration_sample_1,1595172308.738127,0,0,,,,,,,0.55,9.64,1.75,-0.1875,0.3125,0.0
acceleration_sample_1,1595172308.807928,0,0,,,,,,,0.54,9.51,1.72,0.0,-0.0625,0.0625
acceleration_sample_1,1595172308.879198,0,0,,,,,,,0.56,9.58,1.77,-0.1875,0.0,0.0
acceleration_sample_1,1595172308.954524,0,0,,,,,,,0.55,9.52,1.76,-0.125,-0.1875,0.125
acceleration_sample_1,1595172309.024391,0,0,,,,,,,0.55,9.61,1.8,-0.0625,0.0,-0.0625
acceleration_sample_1,1595172309.094791,0,0,,,,,,,0.54,9.57,1.73,0.0625,0.0625,0.0625
acceleration_sample_1,1595172309.164524,0,0,,,,,,,0.54,9.56,1.75,0.0625,0.0625,0.125
acceleration_sample_1,1595172309.234894,0,0,,,,,,,0.56,9.61,1.73,-0.0625,0.125,0.0625
acceleration_sample_1,1595172309.306535,0,0,,,,,,,0.53,9.54,1.73,-0.125,-0.125,0.0625
acceleration_sample_1,1595172309.377297,0,0,,,,,,,0.57,9.6,1.8,0.0,0.25,0.125
acceleration_sample_1,1595172309.448632,0,0,,,,,,,0.55,9.52,1.73,0.0,0.0,0.1875
acceleration_sample_1,1595172309.519838,0,0,,,,,,,0.54,9.59,1.77,0.125,0.0,0.0625
acceleration_sample_1,1595172309.591355,0,0,,,,,,,0.54,9.51,1.74,0.0,0.0,-0.125
acceleration_sample_1,1595172309.66222,0,0,,,,,,,0.55,9.6,1.76,-0.0625,-0.0625,-0.0625
acceleration_sample_1,1595172309.733473,0,0,,,,,,,0.58,9.55,1.73,0.0625,0.0625,-0.0625
acceleration_sample_1,1595172309.804455,0,0,,,,,,,0.54,9.55,1.75,-0.25,0.0,-0.0625
acceleration_sample_1,1595172309.874337,0,0,,,,,,,0.55,9.61,1.79,-0.125,0.0,-0.0625
acceleration_sample_1,1595172309.94483,0,0,,,,,,,0.55,9.51,1.74,-0.25,-0.125,-0.0625
acceleration_sample_1,1595172310.016228,0,0,,,,,,,0.56,9.63,1.77,-0.25,-0.0625,-0.1875
acceleration_sample_1,1595172310.086353,0,0,,,,,,,0.56,9.55,1.74,-0.125,-0.0625,-0.0625
acceleration_sample_1,1595172310.15613,0,0,,,,,,,0.55,9.59,1.75,0.0625,0.0625,0.0625
acceleration_sample_1,1595172310.225907,0,0,,,,,,,0.55,9.61,1.76,0.0625,0.125,0.0
acceleration_sample_1,1595172310.29566,0,0,,,,,,,0.56,9.52,1.74,0.0625,0.125,0.0625
acceleration_sample_1,1595172310.36539,0,0,,,,,,,0.56,9.61,1.79,-0.0625,0.0625,0.0
acceleration_sample_1,1595172310.435675,0,0,,,,,,,0.55,9.5,1.72,0.0625,-0.125,0.0625
acceleration_sample_1,1595172310.505462,0,0,,,,,,,0.56,9.6,1.77,0.0625,-0.125,0.0625
acceleration_sample_1,1595172310.577566,0,0,,,,,,,0.56,9.57,1.77,0.0,-0.0625,0.0625
acceleration_sample_1,1595172310.647847,0,0,,,,,,,0.56,9.52,1.74,-0.125,0.0,0.0
acceleration_sample_1,1595172310.71804,0,0,,,,,,,0.57,9.63,1.78,-0.0625,-0.0625,-0.0625
acceleration_sample_1,1595172310.788855,0,0,,,,,,,0.58,9.53,1.73,-0.0625,-0.0625,0.0
acceleration_sample_1,1595172310.858585,0,0,,,,,,,0.55,9.61,1.77,0.0,0.125,0.0625
acceleration_sample_1,1595172310.931571,0,0,,,,,,,0.54,9.55,1.76,-0.0625,0.0625,0.0
acceleration_sample_1,1595172311.003208,0,0,,,,,,,0.54,9.62,1.8,0.0625,-0.25,0.0
acceleration_sample_1,1595172311.074263,0,0,,,,,,,0.55,9.52,1.75,-0.125,0.125,-0.0625
acceleration_sample_1,1595172311.145158,0,0,,,,,,,0.56,9.6,1.76,0.25,0.0,0.0625
acceleration_sample_1,1595172311.215454,0,0,,,,,,,0.56,9.58,1.75,0.1875,0.0,0.0625
acceleration_sample_1,1595172311.287394,0,0,,,,,,,0.56,9.52,1.74,-0.0625,-0.25,0.0625
acceleration_sample_1,1595172311.357184,0,0,,,,,,,0.57,9.62,1.8,-0.1875,-0.125,0.0
acceleration_sample_1,1595172311.426979,0,0,,,,,,,0.55,9.54,1.73,0.0,-0.125,0.0
acceleration_sample_1,1595172311.497424,0,0,,,,,,,0.53,9.63,1.75,-0.0625,0.25,0.0
acceleration_sample_1,1595172311.567064,0,0,,,,,,,0.56,9.55,1.76,-0.0625,0.0,0.0625
acceleration_sample_1,1595172311.637194,0,0,,,,,,,0.54,9.57,1.75,0.1875,-0.125,0.0625
acceleration_sample_1,1595172311.706793,0,0,,,,,,,0.54,9.61,1.77,-0.0625,0.1875,0.0625
acceleration_sample_1,1595172311.776364,0,0,,,,,,,0.56,9.51,1.75,-0.0625,0.0625,0.125
acceleration_sample_1,1595172311.846529,0,0,,,,,,,0.55,9.61,1.76,0.0625,-0.1875,0.0
acceleration_sample_1,1595172311.916396,0,0,,,,,,,0.57,9.56,1.78,-0.1875,0.0,-0.0625
acceleration_sample_1,1595172311.986499,0,0,,,,,,,0.55,9.58,1.74,-0.125,-0.125,0.0625
acceleration_sample_1,1595172312.057495,0,0,,,,,,,0.54,9.59,1.78,-0.125,-0.0625,0.0
acceleration_sample_1,1595172312.126942,0,0,,,,,,,0.56,9.55,1.77,0.0,-0.0625,-0.0625
acceleration_sample_1,1595172312.19745,0,0,,,,,,,0.57,9.61,1.74,-0.0625,-0.125,-0.0625
acceleration_sample_1,1595172312.267889,0,0,,,,,,,0.56,9.53,1.75,-0.125,-0.125,0.0625
acceleration_sample_1,1595172312.337411,0,0,,,,,,,0.56,9.61,1.75,-0.125,-0.125,0.125
acceleration_sample_1,1595172312.407426,0,0,,,,,,,0.56,9.57,1.78,0.0,-0.0625,0.0
acceleration_sample_1,1595172312.477383,0,0,,,,,,,0.56,9.55,1.77,-0.125,0.0,0.125
acceleration_sample_1,1595172312.547685,0,0,,,,,,,0.55,9.62,1.75,0.1875,0.0625,0.0625
acceleration_sample_1,1595172312.617673,0,0,,,,,,,0.55,9.51,1.75,-0.1875,0.0625,0.0
acceleration_sample_1,1595172312.687772,0,0,,,,,,,0.56,9.62,1.75,0.0,0.0625,-0.0625
acceleration_sample_1,1595172312.758509,0,0,,,,,,,0.55,9.54,1.73,0.125,0.0625,0.0
acceleration_sample_1,1595172312.828461,0,0,,,,,,,0.56,9.59,1.76,0.0625,0.0625,0.125
acceleration_sample_1,1595172312.897856,0,0,,,,,,,0.55,9.62,1.75,0.0,0.0625,0.0
acceleration_sample_1,1595172312.96776,0,0,,,,,,,0.57,9.52,1.76,0.0,-0.3125,0.0625
acceleration_sample_1,1595172313.037725,0,0,,,,,,,0.56,9.63,1.76,-0.25,0.0,0.0
acceleration_sample_1,1595172313.108608,0,0,,,,,,,0.56,9.53,1.75,-0.1875,0.25,-0.125
acceleration_sample_1,1595172313.178088,0,0,,,,,,,0.53,9.6,1.76,-0.0625,-0.0625,0.0
acceleration_sample_1,1595172313.248059,0,0,,,,,,,0.55,9.58,1.75,-0.125,-0.0625,-0.0625
acceleration_sample_1,1595172313.318453,0,0,,,,,,,0.55,9.56,1.76,0.0,0.125,0.0
acceleration_sample_1,1595172313.388963,0,0,,,,,,,0.54,9.62,1.76,-0.125,0.125,0.0625
acceleration_sample_1,1595172313.459423,0,0,,,,,,,0.55,9.53,1.77,0.0,0.0,0.0
acceleration_sample_1,1595172313.528897,0,0,,,,,,,0.54,9.61,1.76,-0.0625,-0.125,-0.0625
acceleration_sample_1,1595172313.598784,0,0,,,,,,,0.54,9.55,1.74,-0.1875,0.125,0.0
acceleration_sample_1,1595172313.669019,0,0,,,,,,,0.57,9.56,1.76,-0.0625,-0.25,0.0625
acceleration_sample_1,1595172313.739023,0,0,,,,,,,0.56,9.62,1.74,-0.125,0.0,0.0
acceleration_sample_1,1595172313.809012,0,0,,,,,,,0.56,9.52,1.75,-0.1875,-0.0625,0.0
acceleration_sample_1,1595172313.879489,0,0,,,,,,,0.53,9.63,1.76,-0.125,0.125,-0.0625
acceleration_sample_1,1595172313.949416,0,0,,,,,,,0.55,9.52,1.74,-0.0625,0.0,-0.0625
acceleration_sample_1,1595172314.020099,0,0,,,,,,,0.57,9.57,1.77,-0.0625,0.0625,0.0625
acceleration_sample_1,1595172314.090304,0,0,,,,,,,0.56,9.61,1.74,0.0625,-0.125,-0.0625
acceleration_sample_1,1595172314.159861,0,0,,,,,,,0.56,9.52,1.75,0.125,0.1875,0.0
acceleration_sample_1,1595172314.229882,0,0,,,,,,,0.56,9.63,1.8,0.0,0.0625,-0.0625
acceleration_sample_1,1595172314.299836,0,0,,,,,,,0.54,9.52,1.73,0.0,-0.125,0.0625
acceleration_sample_1,1595172314.369814,0,0,,,,,,,0.57,9.6,1.76,-0.0625,-0.125,0.125
acceleration_sample_1,1595172314.439813,0,0,,,,,,,0.57,9.57,1.75,0.1875,0.1875,-0.0625
acceleration_sample_1,1595172314.510935,0,0,,,,,,,0.54,9.55,1.75,0.25,0.0625,0.0625
acceleration_sample_1,1595172314.58089,0,0,,,,,,,0.54,9.62,1.77,0.0,-0.125,0.0
acceleration_sample_1,1595172314.65094,0,0,,,,,,,0.55,9.51,1.74,-0.0625,0.1875,0.0
acceleration_sample_1,1595172314.7211,0,0,,,,,,,0.55,9.62,1.77,-0.1875,-0.0625,0.0
acceleration_sample_1,1595172314.790606,0,0,,,,,,,0.57,9.55,1.73,0.125,-0.0625,0.0
acceleration_sample_1,1595172314.86061,0,0,,,,,,,0.55,9.57,1.75,-0.0625,0.0,-0.0625
acceleration_sample_1,1595172314.930631,0,0,,,,,,,0.55,9.59,1.76,-0.1875,-0.1875,0.0
acceleration_sample_1,1595172315.000612,0,0,,,,,,,0.54,9.52,1.74,0.0625,0.0,-0.0625
acceleration_sample_1,1595172315.070623,0,0,,,,,,,0.57,9.66,1.78,0.125,-0.3125,0.0
acceleration_sample_1,1595172315.141599,0,0,,,,,,,0.57,9.52,1.73,-0.0625,0.0,0.0625
acceleration_sample_1,1595172315.211678,0,0,,,,,,,0.56,9.58,1.74,0.0,0.0,-0.0625
acceleration_sample_1,1595172315.281783,0,0,,,,,,,0.55,9.58,1.75,0.0625,-0.1875,0.0
acceleration_sample_1,1595172315.351313,0,0,,,,,,,0.55,9.53,1.73,-0.0625,-0.1875,0.0
acceleration_sample_1,1595172315.421362,0,0,,,,,,,0.55,9.61,1.78,-0.25,0.0625,-0.0625
acceleration_sample_1,1595172315.492024,0,0,,,,,,,0.56,9.54,1.72,0.0,0.0625,0.125
acceleration_sample_1,1595172315.561713,0,0,,,,,,,0.57,9.6,1.75,0.0625,0.0,0.0
acceleration_sample_1,1595172315.631676,0,0,,,,,,,0.56,9.56,1.75,0.125,0.0625,0.0625
acceleration_sample_1,1595172315.7017,0,0,,,,,,,0.57,9.54,1.76,0.125,0.0625,0.1875
acceleration_sample_1,1595172315.771723,0,0,,,,,,,0.55,9.6,1.76,0.25,0.125,0.0625
acceleration_sample_1,1595172315.841752,0,0,,,,,,,0.57,9.5,1.76,0.0625,0.0625,-0.0625
acceleration_sample_1,1595172315.91272,0,0,,,,,,,0.57,9.63,1.77,-0.0625,-0.0625,0.0625
acceleration_sample_1,1595172315.982225,0,0,,,,,,,0.54,9.53,1.77,-0.125,0.0,0.0
acceleration_sample_1,1595172316.052541,0,0,,,,,,,0.57,9.58,1.76,-0.125,0.0625,0.0
acceleration_sample_1,1595172316.122123,0,0,,,,,,,0.54,9.58,1.77,0.0,-0.0625,0.0625
acceleration_sample_1,1595172316.192201,0,0,,,,,,,0.54,9.54,1.75,0.1875,0.0,0.0625
acceleration_sample_1,1595172316.262676,0,0,,,,,,,0.57,9.61,1.77,-0.125,0.1875,-0.0625
acceleration_sample_1,1595172316.332584,0,0,,,,,,,0.56,9.54,1.76,0.0625,-0.0625,0.0
acceleration_sample_1,1595172316.402525,0,0,,,,,,,0.56,9.6,1.75,0.125,-0.125,0.0625
acceleration_sample_1,1595172316.473111,0,0,,,,,,,0.55,9.58,1.77,0.25,-0.0625,0.0625
acceleration_sample_1,1595172316.543229,0,0,,,,,,,0.57,9.54,1.74,0.0625,0.125,0.0625
acceleration_sample_1,1595172316.613569,0,0,,,,,,,0.57,9.62,1.77,0.125,0.0625,0.0625
acceleration_sample_1,1595172316.683288,0,0,,,,,,,0.54,9.51,1.73,-0.3125,0.1875,-0.0625
acceleration_sample_1,1595172316.75328,0,0,,,,,,,0.55,9.63,1.75,0.0,0.0625,0.0625
acceleration_sample_1,1595172316.823299,0,0,,,,,,,0.57,9.57,1.75,-0.0625,-0.125,-0.0625
acceleration_sample_1,1595172316.893463,0,0,,,,,,,0.57,9.57,1.75,-0.125,-0.125,0.0
acceleration_sample_1,1595172316.964803,0,0,,,,,,,0.56,9.6,1.77,0.0,0.25,0.0
acceleration_sample_1,1595172317.034379,0,0,,,,,,,0.56,9.53,1.73,0.0,0.0625,0.0
acceleration_sample_1,1595172317.104528,0,0,,,,,,,0.55,9.61,1.77,0.0625,0.0625,-0.0625
acceleration_sample_1,1595172317.174038,0,0,,,,,,,0.56,9.53,1.74,0.25,-0.0625,0.0625
acceleration_sample_1,1595172317.244169,0,0,,,,,,,0.57,9.59,1.76,0.125,0.0,0.0
acceleration_sample_1,1595172317.31426,0,0,,,,,,,0.55,9.61,1.75,0.0,-0.0625,0.0625
acceleration_sample_1,1595172317.384319,0,0,,,,,,,0.56,9.53,1.74,0.0,0.1875,0.0625
acceleration_sample_1,1595172317.453917,0,0,,,,,,,0.54,9.62,1.77,0.0,0.0,0.125
acceleration_sample_1,1595172317.524466,0,0,,,,,,,0.56,9.51,1.75,0.125,0.25,0.0
acceleration_sample_1,1595172317.594486,0,0,,,,,,,0.55,9.62,1.75,-0.0625,0.125,0.0
acceleration_sample_1,1595172317.66452,0,0,,,,,,,0.57,9.55,1.76,-0.0625,-0.0625,0.125
acceleration_sample_1,1595172317.734425,0,0,,,,,,,0.55,9.54,1.74,-0.125,0.0,0.0625
acceleration_sample_1,1595172317.804481,0,0,,,,,,,0.56,9.62,1.78,0.0625,-0.0625,-0.0625
acceleration_sample_1,1595172317.874505,0,0,,,,,,,0.55,9.51,1.75,0.0625,-0.125,0.0
acceleration_sample_1,1595172317.944689,0,0,,,,,,,0.54,9.61,1.76,0.125,0.125,0.0
acceleration_sample_1,1595172318.014741,0,0,,,,,,,0.53,9.55,1.74,-0.125,0.1875,0.0
acceleration_sample_1,1595172318.084913,0,0,,,,,,,0.56,9.56,1.75,0.0,0.0,0.0
acceleration_sample_1,1595172318.155367,0,0,,,,,,,0.56,9.59,1.77,0.0,-0.25,0.0
acceleration_sample_1,1595172318.224905,0,0,,,,,,,0.56,9.52,1.74,-0.125,0.0,-0.0625
acceleration_sample_1,1595172318.295398,0,0,,,,,,,0.56,9.61,1.77,-0.1875,0.125,0.0625
acceleration_sample_1,1595172318.365351,0,0,,,,,,,0.55,9.55,1.75,0.0,0.1875,-0.0625
acceleration_sample_1,1595172318.435148,0,0,,,,,,,0.53,9.58,1.74,-0.125,0.0625,0.0625
acceleration_sample_1,1595172318.505496,0,0,,,,,,,0.55,9.59,1.76,-0.0625,-0.125,0.0
acceleration_sample_1,1595172318.575729,0,0,,,,,,,0.56,9.51,1.77,0.1875,-0.125,0.0
acceleration_sample_1,1595172318.645918,0,0,,,,,,,0.55,9.62,1.78,0.25,0.0625,0.0625
acceleration_sample_1,1595172318.71581,0,0,,,,,,,0.56,9.54,1.73,0.0625,-0.0625,0.0625
acceleration_sample_1,1595172318.785877,0,0,,,,,,,0.55,9.6,1.76,-0.0625,-0.125,0.0625
acceleration_sample_1,1595172318.85585,0,0,,,,,,,0.54,9.56,1.75,0.125,0.0625,0.125
acceleration_sample_1,1595172318.925845,0,0,,,,,,,0.55,9.56,1.76,0.0625,0.125,-0.0625
acceleration_sample_1,1595172318.99624,0,0,,,,,,,0.56,9.6,1.73,0.0,0.125,0.0
acceleration_sample_1,1595172319.066262,0,0,,,,,,,0.56,9.53,1.75,-0.0625,-0.0625,-0.0625
acceleration_sample_1,1595172319.136298,0,0,,,,,,,0.56,9.61,1.78,0.125,-0.0625,0.0625
acceleration_sample_1,1595172319.205928,0,0,,,,,,,0.54,9.53,1.76,-0.125,-0.1875,-0.125
acceleration_sample_1,1595172319.275961,0,0,,,,,,,0.56,9.58,1.77,0.0625,0.0625,0.0
acceleration_sample_1,1595172319.346658,0,0,,,,,,,0.56,9.6,1.77,0.0,-0.1875,0.0
acceleration_sample_1,1595172319.416801,0,0,,,,,,,0.56,9.52,1.76,0.0,-0.125,0.0625
acceleration_sample_1,1595172319.486911,0,0,,,,,,,0.56,9.62,1.73,0.0625,-0.125,0.125
acceleration_sample_1,1595172319.556521,0,0,,,,,,,0.56,9.52,1.73,-0.125,-0.0625,0.0
acceleration_sample_1,1595172319.626506,0,0,,,,,,,0.55,9.6,1.77,0.0,0.1875,0.0
acceleration_sample_1,1595172319.696529,0,0,,,,,,,0.55,9.56,1.74,0.0625,-0.0625,-0.0625
acceleration_sample_1,1595172319.767081,0,0,,,,,,,0.55,9.56,1.77,0.125,0.0,-0.0625
acceleration_sample_1,1595172319.837154,0,0,,,,,,,0.56,9.63,1.78,0.0,0.0,0.0625
acceleration_sample_1,1595172319.907614,0,0,,,,,,,0.53,9.6,1.74,0.1875,0.125,0.0
acceleration_sample_1,1595172319.977102,0,0,,,,,,,0.55,9.53,1.75,-0.0625,0.0625,0.0625
drive name,time,left_enc,right_enc,euler_x,euler_y,euler_z,mag_x,mag_y,mag_z,accel_x,accel_y,accel_z,gyro_x,gyro_y,gyro_z
acceleration_sample_1,1595172496.100065,0,0,,,,,,,0.49,9.73,0.44,-0.125,0.25,0.0625
acceleration_sample_1,1595172496.169965,0,0,,,,,,,0.5,9.76,0.42,0.125,0.0,0.0
acceleration_sample_1,1595172496.239764,0,0,,,,,,,0.5,9.75,0.42,-0.125,0.0,0.0
acceleration_sample_1,1595172496.309279,0,0,,,,,,,0.52,9.77,0.44,-0.1875,0.125,0.0625
acceleration_sample_1,1595172496.379515,0,0,,,,,,,0.49,9.76,0.4,-0.125,-0.125,0.0
acceleration_sample_1,1595172496.449953,0,0,,,,,,,0.52,9.76,0.42,-0.1875,0.0625,0.125
acceleration_sample_1,1595172496.520162,0,0,,,,,,,0.5,9.79,0.45,0.125,0.1875,0.0625
acceleration_sample_1,1595172496.589836,0,0,,,,,,,0.51,9.77,0.44,-0.0625,0.125,0.0
acceleration_sample_1,1595172496.660369,0,0,,,,,,,0.52,9.74,0.43,0.0,0.125,-0.0625
acceleration_sample_1,1595172496.729896,0,0,,,,,,,0.52,9.75,0.41,0.1875,0.0,0.125
acceleration_sample_1,1595172496.799966,0,0,,,,,,,0.51,9.74,0.43,-0.0625,0.1875,0.0
acceleration_sample_1,1595172496.870135,0,0,,,,,,,0.49,9.76,0.42,-0.1875,-0.0625,0.125
acceleration_sample_1,1595172496.940307,0,0,,,,,,,0.5,9.75,0.42,0.0,-0.0625,-0.0625
acceleration_sample_1,1595172497.010373,0,0,,,,,,,0.51,9.77,0.42,0.0625,-0.0625,-0.125
acceleration_sample_1,1595172497.080542,0,0,,,,,,,0.5,9.76,0.4,0.375,0.0625,0.125
acceleration_sample_1,1595172497.150944,0,0,,,,,,,0.51,9.76,0.43,0.0625,-0.0625,0.0
acceleration_sample_1,1595172497.220734,0,0,,,,,,,0.51,9.76,0.43,-0.0625,0.0,0.0625
acceleration_sample_1,1595172497.291072,0,0,,,,,,,0.52,9.75,0.43,0.0,0.0625,-0.125
acceleration_sample_1,1595172497.360907,0,0,,,,,,,0.5,9.76,0.44,-0.0625,-0.125,0.125
acceleration_sample_1,1595172497.430584,0,0,,,,,,,0.51,9.77,0.39,0.125,0.0,0.125
acceleration_sample_1,1595172497.500894,0,0,,,,,,,0.49,9.76,0.44,0.0,-0.125,0.0
acceleration_sample_1,1595172497.571048,0,0,,,,,,,0.51,9.77,0.39,0.1875,0.0625,0.125
acceleration_sample_1,1595172497.641565,0,0,,,,,,,0.5,9.75,0.43,0.0625,0.0,0.125
acceleration_sample_1,1595172497.711859,0,0,,,,,,,0.51,9.73,0.4,0.0625,-0.1875,0.0625
acceleration_sample_1,1595172497.781639,0,0,,,,,,,0.51,9.74,0.42,0.0625,0.3125,0.0
acceleration_sample_1,1595172497.851851,0,0,,,,,,,0.52,9.76,0.43,-0.0625,0.0625,0.0
acceleration_sample_1,1595172497.92184,0,0,,,,,,,0.51,9.75,0.4,-0.1875,0.0,0.0
acceleration_sample_1,1595172497.991703,0,0,,,,,,,0.51,9.74,0.41,-0.1875,0.0625,-0.0625
acceleration_sample_1,1595172498.0619,0,0,,,,,,,0.51,9.75,0.43,-0.0625,-0.125,0.125
acceleration_sample_1,1595172498.131661,0,0,,,,,,,0.5,9.77,0.41,0.0,-0.0625,-0.0625
acceleration_sample_1,1595172498.201847,0,0,,,,,,,0.52,9.78,0.43,0.125,0.0625,0.0625
acceleration_sample_1,1595172498.27215,0,0,,,,,,,0.51,9.76,0.41,0.1875,0.0,0.0625
acceleration_sample_1,1595172498.342817,0,0,,,,,,,0.53,9.75,0.42,0.0625,0.1875,0.0
acceleration_sample_1,1595172498.41251,0,0,,,,,,,0.51,9.75,0.42,0.0,-0.0625,0.0625
acceleration_sample_1,1595172498.482431,0,0,,,,,,,0.53,9.73,0.42,0.0625,0.1875,0.0
acceleration_sample_1,1595172498.552682,0,0,,,,,,,0.51,9.76,0.44,0.0,0.25,0.0
acceleration_sample_1,1595172498.622538,0,0,,,,,,,0.53,9.75,0.46,-0.125,-0.25,0.0
acceleration_sample_1,1595172498.692794,0,0,,,,,,,0.5,9.68,0.39,0.0625,-0.0625,0.0625
acceleration_sample_1,1595172498.762449,0,0,,,,,,,0.49,9.75,0.45,-0.125,0.0,-0.0625
acceleration_sample_1,1595172498.832703,0,0,,,,,,,0.5,9.77,0.42,-0.0625,-0.0625,0.0
acceleration_sample_1,1595172498.903877,0,0,,,,,,,0.5,9.75,0.43,0.125,-0.0625,0.125
acceleration_sample_1,1595172498.974169,0,0,,,,,,,0.5,9.74,0.44,0.0625,-0.125,0.0
acceleration_sample_1,1595172499.044344,0,0,,,,,,,0.49,9.74,0.42,0.1875,-0.1875,0.125
acceleration_sample_1,1595172499.114554,0,0,,,,,,,0.51,9.75,0.39,0.125,-0.125,0.0625
acceleration_sample_1,1595172499.185257,0,0,,,,,,,0.5,9.76,0.42,0.0625,0.1875,0.0625
acceleration_sample_1,1595172499.255,0,0,,,,,,,0.5,9.74,0.43,-0.125,-0.25,-0.0625
acceleration_sample_1,1595172499.324887,0,0,,,,,,,0.51,9.74,0.44,0.1875,0.1875,-0.0625
acceleration_sample_1,1595172499.394652,0,0,,,,,,,0.51,9.79,0.42,-0.0625,-0.125,0.0
acceleration_sample_1,1595172499.464383,0,0,,,,,,,0.51,9.77,0.41,0.25,-0.1875,0.0
acceleration_sample_1,1595172499.534534,0,0,,,,,,,0.52,9.76,0.42,0.0,0.0,-0.0625
acceleration_sample_1,1595172499.60464,0,0,,,,,,,0.52,9.76,0.45,0.125,-0.0625,0.0
acceleration_sample_1,1595172499.674438,0,0,,,,,,,0.51,9.76,0.43,0.125,-0.0625,0.0625
acceleration_sample_1,1595172499.744277,0,0,,,,,,,0.51,9.73,0.43,-0.125,0.0,-0.125
acceleration_sample_1,1595172499.813993,0,0,,,,,,,0.51,9.74,0.45,-0.125,-0.1875,-0.0625
acceleration_sample_1,1595172499.88421,0,0,,,,,,,0.5,9.74,0.42,0.0625,-0.0625,-0.0625
acceleration_sample_1,1595172499.954752,0,0,,,,,,,0.51,9.76,0.45,-0.125,0.125,-0.125
acceleration_sample_1,1595172500.024597,0,0,,,,,,,0.5,9.73,0.44,0.0625,0.25,-0.0625
acceleration_sample_1,1595172500.095811,0,0,,,,,,,0.52,9.76,0.43,0.0,0.125,0.0
acceleration_sample_1,1595172500.165556,0,0,,,,,,,0.51,9.75,0.43,0.125,0.125,0.0
acceleration_sample_1,1595172500.235299,0,0,,,,,,,0.51,9.75,0.41,-0.125,0.0625,0.0
acceleration_sample_1,1595172500.305574,0,0,,,,,,,0.51,9.77,0.45,-0.25,0.125,0.0625
acceleration_sample_1,1595172500.375275,0,0,,,,,,,0.49,9.75,0.45,0.0,-0.1875,0.0
acceleration_sample_1,1595172500.444954,0,0,,,,,,,0.51,9.72,0.45,-0.0625,-0.1875,-0.125
acceleration_sample_1,1595172500.514983,0,0,,,,,,,0.52,9.76,0.43,0.0,-0.3125,0.0625
acceleration_sample_1,1595172500.585349,0,0,,,,,,,0.5,9.76,0.41,0.0,0.0625,0.125
acceleration_sample_1,1595172500.655546,0,0,,,,,,,0.51,9.73,0.42,0.0,0.0,0.0625
acceleration_sample_1,1595172500.725825,0,0,,,,,,,0.49,9.76,0.44,0.1875,0.0,0.125
acceleration_sample_1,1595172500.795525,0,0,,,,,,,0.51,9.75,0.42,0.0625,0.0625,0.125
acceleration_sample_1,1595172500.865744,0,0,,,,,,,0.53,9.74,0.41,0.125,0.0625,0.0
acceleration_sample_1,1595172500.935482,0,0,,,,,,,0.51,9.76,0.41,0.25,0.0,0.1875
acceleration_sample_1,1595172501.00584,0,0,,,,,,,0.5,9.74,0.42,0.0625,0.0625,-0.0625
acceleration_sample_1,1595172501.075957,0,0,,,,,,,0.51,9.75,0.42,0.0,0.1875,0.0
acceleration_sample_1,1595172501.146223,0,0,,,,,,,0.49,9.74,0.42,-0.0625,0.0,0.0625
acceleration_sample_1,1595172501.216429,0,0,,,,,,,0.49,9.74,0.42,-0.0625,-0.0625,0.0
acceleration_sample_1,1595172501.286799,0,0,,,,,,,0.5,9.75,0.42,-0.0625,-0.0625,0.0
acceleration_sample_1,1595172501.356606,0,0,,,,,,,0.51,9.75,0.41,0.0625,-0.125,0.125
acceleration_sample_1,1595172501.426472,0,0,,,,,,,0.52,9.75,0.44,-0.0625,-0.375,0.0
acceleration_sample_1,1595172501.496666,0,0,,,,,,,0.5,9.76,0.43,-0.125,0.0,0.0
acceleration_sample_1,1595172501.566253,0,0,,,,,,,0.51,9.75,0.43,-0.125,-0.3125,0.0625
acceleration_sample_1,1595172501.636634,0,0,,,,,,,0.51,9.77,0.41,-0.125,0.0625,0.0
acceleration_sample_1,1595172501.707068,0,0,,,,,,,0.49,9.74,0.43,-0.1875,0.0625,-0.0625
acceleration_sample_1,1595172501.776839,0,0,,,,,,,0.51,9.78,0.41,0.1875,0.0,0.0625
acceleration_sample_1,1595172501.847115,0,0,,,,,,,0.51,9.76,0.43,0.125,-0.125,-0.0625
acceleration_sample_1,1595172501.917328,0,0,,,,,,,0.5,9.72,0.43,0.0,0.125,0.125
acceleration_sample_1,1595172501.987685,0,0,,,,,,,0.53,9.76,0.41,0.0625,0.125,0.0625
acceleration_sample_1,1595172502.057436,0,0,,,,,,,0.51,9.75,0.45,0.0,0.0625,0.0
acceleration_sample_1,1595172502.127668,0,0,,,,,,,0.52,9.77,0.41,0.25,0.0,0.0625
acceleration_sample_1,1595172502.197412,0,0,,,,,,,0.5,9.79,0.43,0.0625,0.0625,0.0625
acceleration_sample_1,1595172502.267541,0,0,,,,,,,0.51,9.76,0.42,0.125,-0.125,0.125
acceleration_sample_1,1595172502.337244,0,0,,,,,,,0.52,9.77,0.42,-0.0625,0.0625,-0.0625
acceleration_sample_1,1595172502.407614,0,0,,,,,,,0.5,9.74,0.43,-0.0625,0.1875,0.0
acceleration_sample_1,1595172502.477796,0,0,,,,,,,0.49,9.75,0.45,-0.0625,-0.125,-0.0625
acceleration_sample_1,1595172502.548127,0,0,,,,,,,0.49,9.75,0.44,0.0625,-0.125,0.0625
acceleration_sample_1,1595172502.617807,0,0,,,,,,,0.52,9.75,0.44,0.0625,0.0,0.0625
acceleration_sample_1,1595172502.688164,0,0,,,,,,,0.5,9.74,0.4,0.0,0.0625,0.0
acceleration_sample_1,1595172502.758991,0,0,,,,,,,0.48,9.77,0.43,-0.0625,0.0,0.0625
acceleration_sample_1,1595172502.82868,0,0,,,,,,,0.51,9.73,0.42,0.0625,0.0,0.0
acceleration_sample_1,1595172502.898352,0,0,,,,,,,0.5,9.75,0.42,0.125,-0.3125,0.0
acceleration_sample_1,1595172502.968012,0,0,,,,,,,0.49,9.76,0.45,0.0,-0.125,0.0
acceleration_sample_1,1595172503.038235,0,0,,,,,,,0.51,9.76,0.4,-0.0625,-0.1875,0.0
acceleration_sample_1,1595172503.109403,0,0,,,,,,,0.49,9.75,0.44,-0.0625,0.0625,0.0
acceleration_sample_1,1595172503.179098,0,0,,,,,,,0.49,9.76,0.44,-0.0625,-0.125,0.0
acceleration_sample_1,1595172503.248859,0,0,,,,,,,0.53,9.74,0.43,0.1875,0.3125,0.0
acceleration_sample_1,1595172503.319119,0,0,,,,,,,0.49,9.76,0.46,0.25,0.0625,0.0625
acceleration_sample_1,1595172503.388841,0,0,,,,,,,0.51,9.74,0.4,0.0625,-0.0625,0.0
acceleration_sample_1,1595172503.459079,0,0,,,,,,,0.5,9.77,0.41,0.0,0.0,-0.0625
acceleration_sample_1,1595172503.52881,0,0,,,,,,,0.5,9.75,0.43,-0.125,0.0625,0.125
acceleration_sample_1,1595172503.599049,0,0,,,,,,,0.51,9.76,0.43,0.0,0.0625,-0.125
acceleration_sample_1,1595172503.669597,0,0,,,,,,,0.5,9.74,0.43,-0.0625,-0.125,0.0625
acceleration_sample_1,1595172503.739326,0,0,,,,,,,0.5,9.76,0.41,-0.1875,0.0,0.125
acceleration_sample_1,1595172503.810101,0,0,,,,,,,0.5,9.76,0.44,0.0625,0.125,0.0
acceleration_sample_1,1595172503.880117,0,0,,,,,,,0.51,9.74,0.42,0.0625,0.125,0.0
acceleration_sample_1,1595172503.950583,0,0,,,,,,,0.51,9.75,0.42,-0.375,0.1875,0.0
acceleration_sample_1,1595172504.021095,0,0,,,,,,,0.5,9.73,0.43,-0.3125,-0.125,-0.0625
acceleration_sample_1,1595172504.093276,0,0,,,,,,,0.51,9.76,0.43,0.0625,-0.1875,0.0625
acceleration_sample_1,1595172504.163497,0,0,,,,,,,0.5,9.74,0.42,-0.0625,0.0625,0.0625
acceleration_sample_1,1595172504.234159,0,0,,,,,,,0.51,9.74,0.43,0.1875,0.0,0.0
acceleration_sample_1,1595172504.305566,0,0,,,,,,,0.5,9.77,0.41,0.0625,0.125,0.0625
acceleration_sample_1,1595172504.377998,0,0,,,,,,,0.5,9.73,0.43,-0.125,0.0,0.0
acceleration_sample_1,1595172504.449596,0,0,,,,,,,0.51,9.74,0.42,0.1875,-0.0625,0.0625
acceleration_sample_1,1595172504.520544,0,0,,,,,,,0.5,9.76,0.42,0.0,0.0,0.0625
acceleration_sample_1,1595172504.59695,0,0,,,,,,,0.53,9.73,0.44,0.0,-0.125,0.0
acceleration_sample_1,1595172504.667228,0,0,,,,,,,0.49,9.76,0.43,0.0,-0.0625,0.0625
acceleration_sample_1,1595172504.738815,0,0,,,,,,,0.5,9.75,0.42,0.125,-0.125,0.0
acceleration_sample_1,1595172504.80983,0,0,,,,,,,0.5,9.78,0.44,0.125,0.0,0.0
acceleration_sample_1,1595172504.881291,0,0,,,,,,,0.51,9.77,0.44,-0.125,-0.125,-0.0625
acceleration_sample_1,1595172504.950982,0,0,,,,,,,0.53,9.74,0.41,-0.0625,-0.125,0.125
acceleration_sample_1,1595172505.021358,0,0,,,,,,,0.51,9.75,0.45,0.125,0.0625,-0.0625
acceleration_sample_1,1595172505.093535,0,0,,,,,,,0.5,9.75,0.41,0.0,0.0,-0.0625
acceleration_sample_1,1595172505.16364,0,0,,,,,,,0.5,9.72,0.43,0.0,-0.125,0.0
acceleration_sample_1,1595172505.234419,0,0,,,,,,,0.51,9.78,0.44,0.0,-0.125,0.0625
acceleration_sample_1,1595172505.305445,0,0,,,,,,,0.5,9.77,0.41,0.0625,-0.1875,0.0
acceleration_sample_1,1595172505.376245,0,0,,,,,,,0.51,9.78,0.43,0.125,0.25,0.0
acceleration_sample_1,1595172505.447685,0,0,,,,,,,0.5,9.76,0.41,0.1875,0.0,0.0625
acceleration_sample_1,1595172505.518392,0,0,,,,,,,0.5,9.77,0.43,-0.1875,0.0625,-0.0625
acceleration_sample_1,1595172505.58975,0,0,,,,,,,0.51,9.74,0.4,0.1875,0.0,0.0625
acceleration_sample_1,1595172505.66127,0,0,,,,,,,0.5,9.75,0.44,0.0,-0.0625,0.0
acceleration_sample_1,1595172505.731936,0,0,,,,,,,0.5,9.76,0.44,-0.0625,-0.0625,0.0625
acceleration_sample_1,1595172505.802402,0,0,,,,,,,0.52,9.75,0.43,0.0,0.0,0.0
acceleration_sample_1,1595172505.872215,0,0,,,,,,,0.5,9.75,0.44,-0.125,0.125,0.0
acceleration_sample_1,1595172505.942492,0,0,,,,,,,0.51,9.76,0.43,-0.125,-0.1875,-0.125
acceleration_sample_1,1595172506.012733,0,0,,,,,,,0.5,9.77,0.46,0.0,0.1875,0.0
acceleration_sample_1,1595172506.082895,0,0,,,,,,,0.5,9.75,0.41,-0.0625,0.0625,0.0625
acceleration_sample_1,1595172506.152771,0,0,,,,,,,0.49,9.75,0.43,0.125,0.1875,0.125
acceleration_sample_1,1595172506.222516,0,0,,,,,,,0.49,9.75,0.44,-0.125,-0.125,0.0625
acceleration_sample_1,1595172506.292803,0,0,,,,,,,0.52,9.76,0.41,-0.0625,0.0625,-0.0625
acceleration_sample_1,1595172506.363656,0,0,,,,,,,0.52,9.76,0.42,0.0,-0.0625,0.0625
acceleration_sample_1,1595172506.43334,0,0,,,,,,,0.51,9.76,0.44,0.125,-0.0625,0.0
acceleration_sample_1,1595172506.503073,0,0,,,,,,,0.49,9.73,0.43,0.125,0.0,0.0
acceleration_sample_1,1595172506.572795,0,0,,,,,,,0.51,9.76,0.46,0.0625,0.125,0.0
acceleration_sample_1,1595172506.643164,0,0,,,,,,,0.5,9.72,0.41,0.0625,0.125,-0.0625
acceleration_sample_1,1595172506.713754,0,0,,,,,,,0.51,9.75,0.43,-0.3125,-0.125,0.0625
acceleration_sample_1,1595172506.784567,0,0,,,,,,,0.51,9.75,0.44,0.125,-0.0625,-0.0625
acceleration_sample_1,1595172506.85547,0,0,,,,,,,0.5,9.78,0.45,0.0,0.0,0.0
acceleration_sample_1,1595172506.926007,0,0,,,,,,,0.5,9.74,0.45,0.0625,-0.1875,0.125
acceleration_sample_1,1595172506.996787,0,0,,,,,,,0.48,9.75,0.43,0.0,-0.125,0.0
acceleration_sample_1,1595172507.06648,0,0,,,,,,,0.5,9.77,0.44,0.125,-0.0625,0.0
acceleration_sample_1,1595172507.137761,0,0,,,,,,,0.53,9.76,0.42,0.0,0.1875,0.0
acceleration_sample_1,1595172507.209036,0,0,,,,,,,0.51,9.75,0.44,0.125,-0.0625,-0.0625
acceleration_sample_1,1595172507.281732,0,0,,,,,,,0.5,9.73,0.44,-0.25,-0.0625,-0.0625
acceleration_sample_1,1595172507.352539,0,0,,,,,,,0.51,9.76,0.42,-0.1875,0.1875,0.0
acceleration_sample_1,1595172507.423362,0,0,,,,,,,0.51,9.76,0.44,0.125,0.0625,0.0625
acceleration_sample_1,1595172507.494274,0,0,,,,,,,0.49,9.76,0.41,-0.1875,0.125,0.0625
acceleration_sample_1,1595172507.564507,0,0,,,,,,,0.5,9.76,0.41,0.0,0.0625,-0.125
acceleration_sample_1,1595172507.634835,0,0,,,,,,,0.52,9.74,0.4,-0.25,-0.0625,0.0
acceleration_sample_1,1595172507.704642,0,0,,,,,,,0.52,9.75,0.44,-0.125,0.0,0.125
acceleration_sample_1,1595172507.774407,0,0,,,,,,,0.51,9.77,0.45,0.0,0.125,0.0625
acceleration_sample_1,1595172507.844711,0,0,,,,,,,0.51,9.74,0.42,0.0625,0.0625,-0.0625
acceleration_sample_1,1595172507.914997,0,0,,,,,,,0.51,9.78,0.41,0.0,-0.125,0.0
acceleration_sample_1,1595172507.985384,0,0,,,,,,,0.51,9.77,0.43,0.375,0.1875,0.125
acceleration_sample_1,1595172508.055192,0,0,,,,,,,0.49,9.76,0.41,0.0625,0.0625,-0.125
acceleration_sample_1,1595172508.125431,0,0,,,,,,,0.51,9.75,0.44,0.125,0.0,0.0625
acceleration_sample_1,1595172508.195174,0,0,,,,,,,0.5,9.77,0.41,0.125,-0.0625,0.0
acceleration_sample_1,1595172508.265571,0,0,,,,,,,0.51,9.77,0.42,0.0,-0.0625,0.125
acceleration_sample_1,1595172508.335323,0,0,,,,,,,0.51,9.75,0.44,-0.125,0.25,0.0625
acceleration_sample_1,1595172508.405043,0,0,,,,,,,0.51,9.75,0.42,-0.0625,-0.0625,0.0625
acceleration_sample_1,1595172508.475277,0,0,,,,,,,0.51,9.76,0.45,-0.125,0.0625,0.0625
acceleration_sample_1,1595172508.545782,0,0,,,,,,,0.52,9.75,0.41,0.0,-0.0625,0.0
acceleration_sample_1,1595172508.616063,0,0,,,,,,,0.51,9.75,0.43,0.0,-0.125,0.0625
acceleration_sample_1,1595172508.686255,0,0,,,,,,,0.53,9.76,0.45,-0.125,0.1875,0.0625
acceleration_sample_1,1595172508.756522,0,0,,,,,,,0.5,9.76,0.42,-0.1875,-0.25,-0.0625
acceleration_sample_1,1595172508.826255,0,0,,,,,,,0.53,9.75,0.43,0.0,0.3125,-0.0625
acceleration_sample_1,1595172508.896058,0,0,,,,,,,0.52,9.76,0.42,-0.125,-0.0625,-0.0625
acceleration_sample_1,1595172508.966426,0,0,,,,,,,0.51,9.75,0.43,0.0,-0.125,-0.0625
acceleration_sample_1,1595172509.036121,0,0,,,,,,,0.5,9.75,0.43,0.0,0.1875,-0.125
acceleration_sample_1,1595172509.106803,0,0,,,,,,,0.51,9.82,0.41,0.125,0.0625,-0.25
acceleration_sample_1,1595172509.176747,0,0,,,,,,,0.53,9.74,0.41,0.0625,-0.0625,-0.0625
acceleration_sample_1,1595172509.246476,0,0,,,,,,,0.53,9.84,0.42,0.25,-0.125,0.0
acceleration_sample_1,1595172509.316695,0,0,,,,,,,0.51,9.72,0.43,-0.0625,-0.0625,-0.0625
acceleration_sample_1,1595172509.38758,0,0,,,,,,,0.49,9.77,0.43,-0.1875,0.0625,0.0
acceleration_sample_1,1595172509.457244,0,0,,,,,,,0.51,9.76,0.42,0.0625,-0.0625,0.0625
acceleration_sample_1,1595172509.5271,0,0,,,,,,,0.52,9.77,0.43,-0.0625,0.0625,0.0
acceleration_sample_1,1595172509.596785,0,0,,,,,,,0.5,9.76,0.41,0.0,0.0625,0.125
acceleration_sample_1,1595172509.667394,0,0,,,,,,,0.51,9.76,0.42,0.0625,0.0,-0.0625
acceleration_sample_1,1595172509.737164,0,0,,,,,,,0.52,9.77,0.43,0.1875,-0.0625,-0.125
acceleration_sample_1,1595172509.807516,0,0,,,,,,,0.51,9.75,0.43,-0.0625,-0.125,0.0
acceleration_sample_1,1595172509.877186,0,0,,,,,,,0.51,9.75,0.45,0.0,-0.125,0.0
acceleration_sample_1,1595172509.947393,0,0,,,,,,,0.51,9.76,0.4,-0.0625,0.0,-0.0625
acceleration_sample_1,1595172510.017802,0,0,,,,,,,0.51,9.75,0.41,0.0625,-0.25,0.0
acceleration_sample_1,1595172510.087566,0,0,,,,,,,0.51,9.75,0.43,0.0,-0.125,0.0
